﻿<?xml version="1.0" encoding="utf-8" ?>
<HEAD>
  <MenuPosition Name="Слова на тему аэропорт">
    <Item>
      <Word>
        airport	[ˈerpɔːrt]	аэропорт
        aisle	[aɪl]	проход
        boarding	[ˈbɔːdɪŋ]	посадка
        visa	[ˈviːzə]	виза
        ticket	[ˈtɪkɪt]	билет
        terminal	[ˈtɜːmɪnl̩]	терминал
        passenger	[ˈpæsɪndʒə]	пассажир
        passport	[ˈpɑːspɔːt]	паспорт
        lavatory	[ˈlævətr̩i]	туалет
        landing	[ˈlændɪŋ]	посадка
        information	[ˌɪnfəˈmeɪʃn̩]	справочное бюро
        gate	[ɡeɪt]	вход / выход
        destination	[ˌdestɪˈneɪʃn̩]	место назначения
        delay	[dɪˈleɪ]	задержка
        customs	[ˈkʌstəmz]	таможня
        cockpit	[ˈkɒkpɪt]	кабина самолета
        flight	[flaɪt]	рейс, полет
        check-in	[ˈtʃɛkɪn]	регистрация
        baggage	[ˈbæɡɪdʒ]	багаж
        overweight	[ˌoʊvərˈweɪt]	лишний вес, перевес
        lavatory	[ˈlævətr̩i]	туалет
        landing	[ˈlændɪŋ]	посадка
        information	[ˌɪnfəˈmeɪʃn̩]	справочное бюро
        gate	[ɡeɪt]	вход / выход
        destination	[ˌdestɪˈneɪʃn̩]	место назначения
        delay	[dɪˈleɪ]	задержка
        customs	[ˈkʌstəmz]	таможня
        cockpit	[ˈkɒkpɪt]	кабина самолета
        flight	[flaɪt]	рейс, полет
        check-in	[ˈtʃɛkɪn]	регистрация
        baggage	[ˈbæɡɪdʒ]	багаж
        overweight	[ˌoʊvərˈweɪt]	лишний вес, перевес
        
      </Word>
    </Item>
  </MenuPosition>

  <MenuPosition Name="Слова та тему дом">
    <Item>
      <Word>
        kitchen	[ˈkɪtʃɪn]	кухня 
        fridge	[frɪdʒ]	холодильник 
        freezer	[ˈfriːzər]	морозилка 
        pan	[pæn]	кастрюля, сковорода 
        grater	[ˈɡreɪtər]	терка 
        bin	[bɪn]	мусорное ведро 
        ladle	[ˈleɪdl]	ковш, черпак 
        kettle	[ˈketl]	чайник 
        knife	[naɪf]	нож 
        cup	[kʌp]	чашка 
        mug	[mʌɡ]	кружка
      </Word>
    </Item>
  </MenuPosition>

  <MenuPosition Name="Слова на тему фрукты">
    <Item>
      <Word>
        fruit	[fruːt]	фрукт 
        apple	[ˈæpl]	яблоко 
        banana	[bəˈnænə]	банан 
        orange	[ˈɔːrɪndʒ]	апельсин 
        pear	[peə]	груша 
        grapes	[ɡreɪps]	виноград 
        melon	[ˈmelən]	дыня 
        lemon	[ˈlemən]	лимон 
        pineapple	[ˈpaɪnæpl]	ананас 
        pomegranate	[ˈpɑːmɪɡrænɪt]	гранат 
        raspberry	[ˈræzberi]	малина 
        strawberry	[ˈstrɔːberi]	клубника 
        apricot	[ˈæprɪkɑːt]	абрикос
      </Word>
    </Item>
  </MenuPosition>

  <MenuPosition Name="Слова та тему овощи">
    <Item>
      <Word>
        kitchen	[ˈkɪtʃɪn]	кухня
        fridge	[frɪdʒ]	холодильник
        freezer	[ˈfriːzər]	морозилка
        pan	[pæn]	кастрюля, сковорода
        grater	[ˈɡreɪtər]	терка
        bin	[bɪn]	мусорное ведро
        ladle	[ˈleɪdl]	ковш, черпак
        kettle	[ˈketl]	чайник
        knife	[naɪf]	нож
        cup	[kʌp]	чашка
        mug	[mʌɡ]	кружка
      </Word>
    </Item>
  </MenuPosition>
  <Position Name="Времена в английском языке: группа Simple">
    <Item>
      <Name>Present Simple</Name>
      <Time>Present Simple или простое настоящее время, пожалуй, является самым используемым. Употребление этого английского времени необходимо для выражения регулярно-повторяющихся действий, привычек, расписаний и фактов.</Time>
    </Item>
    <Item>
      <Name>Past Simple</Name>
      <Time></Time>
    </Item>
    <Item>
      <Name>Future Simple</Name>
      <Time></Time>
    </Item>
  </Position>
  <Position Name="Времена в английском языке: группа Continuous">
    <Item>
      <Name>Present Continuous</Name>
      <Time></Time>
    </Item>
    <Item>
      <Name>Past Continuous</Name>
      <Time></Time>
    </Item>
    <Item>
      <Name>Future Continuous</Name>
      <Time></Time>
    </Item>
  </Position>
  <Position Name="Времена в английском языке: группа Perfect">
    <Item>
      <Name>Present Perfect</Name>
      <Time></Time>
    </Item>
    <Item>
      <Name>Past Perfect</Name>
      <Time></Time>
    </Item>
    <Item>
      <Name>Future Perfect</Name>
      <Time></Time>
    </Item>
  </Position>
  <Position Name="Времена в английском языке: группа Perfect Continuous">
    <Item>
      <Name>Present Perfect Continuous</Name>
      <Time></Time>
    </Item>
    <Item>
      <Name>Past Perfect Continuous</Name>
      <Time></Time>
    </Item>
    <Item>
      <Name>Future Perfect Continuous</Name>
      <Time></Time>
    </Item>
  </Position>
</HEAD>