﻿<?xml version="1.0" encoding="utf-8" ?> 
<Language>
	<name>English</name>
	<Words>
		<Word>cherry</Word>
		<Word>juice</Word>
		<Word>rabbit</Word>
		<Word>tree</Word>
		<Word>yellow</Word>
	</Words>
	<collocations>
		<collocations>The doctor is a rabbit.</collocations>
		<collocations>You see any trees?</collocations>
		<collocations>Usually I just drink some orange juice.</collocations>
		<collocations>Best schools in the city.</collocations>
		<collocations>I want this golden flower.</collocations>
	</collocations>
</Language>